sa2_code,sa2_name,sa3_name,sa4_name,gccsa_name,erp_2024,erp_2025,erp_change_no,erp_change_pct,area_km2,pop_density_2025
201011001,Alfredton,Ballarat,Ballarat,Rest of Vic.,20082,20825,743,3.7,52.7,395.1
201011002,Ballarat,Ballarat,Ballarat,Rest of Vic.,11714,11668,-46,-0.4,12.4,942.6
201011005,Buninyong,Ballarat,Ballarat,Rest of Vic.,7320,7384,64,0.9,51.6,143.1
201011006,Delacombe,Ballarat,Ballarat,Rest of Vic.,14218,15255,1037,7.3,34.2,446.6
201011007,Smythes Creek,Ballarat,Ballarat,Rest of Vic.,4255,4250,-5,-0.1,104.7,40.6
201011008,Wendouree - Miners Rest,Ballarat,Ballarat,Rest of Vic.,15518,15548,30,0.2,67.6,230.1
201011481,Ballarat East - Warrenheip,Ballarat,Ballarat,Rest of Vic.,9672,9771,99,1,19.2,508.5
201011482,Ballarat North - Invermay,Ballarat,Ballarat,Rest of Vic.,15118,15204,86,0.6,73.1,207.9
201011483,Canadian - Mount Clear,Ballarat,Ballarat,Rest of Vic.,12410,12518,108,0.9,22.3,562
201011484,Sebastopol - Redan,Ballarat,Ballarat,Rest of Vic.,12789,12766,-23,-0.2,10.6,1206.5
201021009,Bacchus Marsh Surrounds,Creswick - Daylesford - Ballan,Ballarat,Rest of Vic.,6707,6770,63,0.9,1038.8,6.5
201021010,Creswick - Clunes,Creswick - Daylesford - Ballan,Ballarat,Rest of Vic.,7966,8038,72,0.9,856.8,9.4
201021011,Daylesford,Creswick - Daylesford - Ballan,Ballarat,Rest of Vic.,10218,10342,124,1.2,920.8,11.2
201021012,Gordon (Vic.),Creswick - Daylesford - Ballan,Ballarat,Rest of Vic.,6506,6557,51,0.8,850.3,7.7
201031013,Avoca,Maryborough - Pyrenees,Ballarat,Rest of Vic.,3614,3609,-5,-0.1,1714.2,2.1
201031014,Beaufort,Maryborough - Pyrenees,Ballarat,Rest of Vic.,4811,4816,5,0.1,1863,2.6
201031015,Golden Plains - North,Maryborough - Pyrenees,Ballarat,Rest of Vic.,4964,5021,57,1.1,922.1,5.4
201031016,Maryborough (Vic.),Maryborough - Pyrenees,Ballarat,Rest of Vic.,8195,8229,34,0.4,45.5,180.7
201031017,Maryborough Surrounds,Maryborough - Pyrenees,Ballarat,Rest of Vic.,5679,5714,35,0.6,1627.6,3.5
202011018,Bendigo,Bendigo,Bendigo,Rest of Vic.,14422,14457,35,0.2,16.1,899.1
202011019,California Gully - Eaglehawk,Bendigo,Bendigo,Rest of Vic.,13448,13523,75,0.6,32.9,410.6
202011020,East Bendigo - Kennington,Bendigo,Bendigo,Rest of Vic.,13961,13941,-20,-0.1,17.1,812.9
202011021,Flora Hill - Spring Gully,Bendigo,Bendigo,Rest of Vic.,9530,9534,4,0,13.2,722.1
202011022,Kangaroo Flat - Golden Square,Bendigo,Bendigo,Rest of Vic.,21361,21369,8,0,40.9,522.3
202011023,Maiden Gully,Bendigo,Bendigo,Rest of Vic.,5801,5869,68,1.2,43,136.6
202011024,Strathfieldsaye,Bendigo,Bendigo,Rest of Vic.,11457,11705,248,2.2,56.4,207.5
202011025,White Hills - Ascot,Bendigo,Bendigo,Rest of Vic.,15630,16095,465,3,67.8,237.5
202021026,Bendigo Surrounds - South,Heathcote - Castlemaine - Kyneton,Bendigo,Rest of Vic.,8941,9094,153,1.7,796.9,11.4
202021027,Castlemaine,Heathcote - Castlemaine - Kyneton,Bendigo,Rest of Vic.,11507,11640,133,1.2,83.9,138.7
202021028,Castlemaine Surrounds,Heathcote - Castlemaine - Kyneton,Bendigo,Rest of Vic.,9571,9675,104,1.1,1515,6.4
202021029,Heathcote,Heathcote - Castlemaine - Kyneton,Bendigo,Rest of Vic.,5311,5382,71,1.3,756.8,7.1
202021030,Kyneton,Heathcote - Castlemaine - Kyneton,Bendigo,Rest of Vic.,10580,10665,85,0.8,556.5,19.2
202021031,Woodend,Heathcote - Castlemaine - Kyneton,Bendigo,Rest of Vic.,8008,8084,76,0.9,211.9,38.2
202031032,Bendigo Surrounds - North,Loddon - Elmore,Bendigo,Rest of Vic.,5361,5505,144,2.7,1440.2,3.8
202031033,Loddon,Loddon - Elmore,Bendigo,Rest of Vic.,7224,7231,7,0.1,6193.3,1.2
203011034,Bannockburn,Barwon - West,Geelong,Rest of Vic.,8266,8395,129,1.6,192.1,43.7
203011035,Golden Plains - South,Barwon - West,Geelong,Rest of Vic.,8732,8954,222,2.5,1484.5,6
203011036,Winchelsea,Barwon - West,Geelong,Rest of Vic.,6921,7079,158,2.3,903.3,7.8
203021037,Belmont,Geelong,Geelong,Rest of Vic.,15085,15227,142,0.9,9.4,1625.5
203021039,Geelong,Geelong,Geelong,Rest of Vic.,13690,13719,29,0.2,12.8,1070.4
203021040,Geelong West - Hamlyn Heights,Geelong,Geelong,Rest of Vic.,22084,22415,331,1.5,32,699.6
203021042,Highton,Geelong,Geelong,Rest of Vic.,25546,25794,248,1,40.6,635.5
203021043,Lara,Geelong,Geelong,Rest of Vic.,22923,23952,1029,4.5,588.6,40.7
203021044,Leopold,Geelong,Geelong,Rest of Vic.,13715,13869,154,1.1,27.9,496.6
203021045,Newcomb - Moolap,Geelong,Geelong,Rest of Vic.,15140,15187,47,0.3,43.3,350.8
203021046,Newtown (Vic.),Geelong,Geelong,Rest of Vic.,10379,10393,14,0.1,5.8,1789.5
203021047,North Geelong - Bell Park,Geelong,Geelong,Rest of Vic.,15657,15724,67,0.4,21.9,716.9
203021485,Charlemont,Geelong,Geelong,Rest of Vic.,13969,15110,1141,8.2,18.1,834
203021486,Corio - Lovely Banks,Geelong,Geelong,Rest of Vic.,18450,18486,36,0.2,74.4,248.6
203021487,Grovedale - Mount Duneed,Geelong,Geelong,Rest of Vic.,27722,28585,863,3.1,37.6,760.5
203021488,Norlane,Geelong,Geelong,Rest of Vic.,8906,8833,-73,-0.8,6.5,1366.8
203031048,Clifton Springs,Surf Coast - Bellarine Peninsula,Geelong,Rest of Vic.,17695,17912,217,1.2,65.1,274.9
203031049,Lorne - Anglesea,Surf Coast - Bellarine Peninsula,Geelong,Rest of Vic.,6261,6307,46,0.7,448,14.1
203031051,Portarlington,Surf Coast - Bellarine Peninsula,Geelong,Rest of Vic.,10599,10874,275,2.6,71.9,151.3
203031052,Point Lonsdale - Queenscliff,Surf Coast - Bellarine Peninsula,Geelong,Rest of Vic.,5862,6053,191,3.3,61.7,98.1
203031053,Torquay,Surf Coast - Bellarine Peninsula,Geelong,Rest of Vic.,26368,26581,213,0.8,126.3,210.4
203031489,Barwon Heads - Armstrong Creek,Surf Coast - Bellarine Peninsula,Geelong,Rest of Vic.,14374,15749,1375,9.6,88.2,178.5
203031490,Ocean Grove,Surf Coast - Bellarine Peninsula,Geelong,Rest of Vic.,20456,20792,336,1.6,68.8,302.3
204011054,Alexandra,Upper Goulburn Valley,Hume,Rest of Vic.,6836,6849,13,0.2,2119,3.2
204011055,Euroa,Upper Goulburn Valley,Hume,Rest of Vic.,6859,6880,21,0.3,2057.9,3.3
204011056,Kilmore - Broadford,Upper Goulburn Valley,Hume,Rest of Vic.,16450,16694,244,1.5,461.5,36.2
204011057,Mansfield (Vic.),Upper Goulburn Valley,Hume,Rest of Vic.,11117,11324,207,1.9,3927.9,2.9
204011058,Nagambie,Upper Goulburn Valley,Hume,Rest of Vic.,4811,4936,125,2.6,1294.3,3.8
204011059,Seymour,Upper Goulburn Valley,Hume,Rest of Vic.,6816,6911,95,1.4,79.3,87.1
204011060,Seymour Surrounds,Upper Goulburn Valley,Hume,Rest of Vic.,4446,4488,42,0.9,1688.8,2.7
204011061,Upper Yarra Valley,Upper Goulburn Valley,Hume,Rest of Vic.,246,236,-10,-4.1,856.3,0.3
204011062,Yea,Upper Goulburn Valley,Hume,Rest of Vic.,4331,4368,37,0.9,1474.3,3
204021063,Benalla,Wangaratta - Benalla,Hume,Rest of Vic.,10833,10861,28,0.3,315.3,34.4
204021064,Benalla Surrounds,Wangaratta - Benalla,Hume,Rest of Vic.,3808,3809,1,0,2105.3,1.8
204021065,Rutherglen,Wangaratta - Benalla,Hume,Rest of Vic.,4108,4120,12,0.3,479.8,8.6
204021066,Wangaratta,Wangaratta - Benalla,Hume,Rest of Vic.,19988,20019,31,0.2,57.6,347.7
204021067,Wangaratta Surrounds,Wangaratta - Benalla,Hume,Rest of Vic.,10050,10070,20,0.2,3587.5,2.8
204031068,Beechworth,Wodonga - Alpine,Hume,Rest of Vic.,4933,4962,29,0.6,371.3,13.4
204031069,Bright - Mount Beauty,Wodonga - Alpine,Hume,Rest of Vic.,8897,8976,79,0.9,4253.7,2.1
204031070,Chiltern - Indigo Valley,Wodonga - Alpine,Hume,Rest of Vic.,3220,3257,37,1.1,513.1,6.3
204031071,Myrtleford,Wodonga - Alpine,Hume,Rest of Vic.,4606,4635,29,0.6,553.4,8.4
204031072,Towong,Wodonga - Alpine,Hume,Rest of Vic.,6141,6155,14,0.2,6668.9,0.9
204031073,West Wodonga,Wodonga - Alpine,Hume,Rest of Vic.,15457,15495,38,0.2,153.9,100.7
204031075,Yackandandah,Wodonga - Alpine,Hume,Rest of Vic.,5434,5498,64,1.2,708.2,7.8
204031491,Baranduda - Leneva,Wodonga - Alpine,Hume,Rest of Vic.,14055,14578,523,3.7,248.8,58.6
204031492,Wodonga,Wodonga - Alpine,Hume,Rest of Vic.,14691,14644,-47,-0.3,30.3,483.1
205011076,Drouin,Baw Baw,Latrobe - Gippsland,Rest of Vic.,21760,22118,358,1.6,326.8,67.7
205011077,Mount Baw Baw Region,Baw Baw,Latrobe - Gippsland,Rest of Vic.,6716,6750,34,0.5,2753.3,2.5
205011078,Trafalgar (Vic.),Baw Baw,Latrobe - Gippsland,Rest of Vic.,8563,8618,55,0.6,501.5,17.2
205011079,Warragul,Baw Baw,Latrobe - Gippsland,Rest of Vic.,24850,25392,542,2.2,352.2,72.1
205021080,Alps - East,Gippsland - East,Latrobe - Gippsland,Rest of Vic.,0,0,0,0,2071.3,0
205021081,Bairnsdale,Gippsland - East,Latrobe - Gippsland,Rest of Vic.,15724,15917,193,1.2,155,102.7
205021082,Bruthen - Omeo,Gippsland - East,Latrobe - Gippsland,Rest of Vic.,8554,8651,97,1.1,7377.4,1.2
205021083,Lake King,Gippsland - East,Latrobe - Gippsland,Rest of Vic.,0,0,0,0,93.9,0
205021084,Lakes Entrance,Gippsland - East,Latrobe - Gippsland,Rest of Vic.,11259,11331,72,0.6,214,52.9
205021085,Orbost,Gippsland - East,Latrobe - Gippsland,Rest of Vic.,6671,6727,56,0.8,11383.7,0.6
205021086,Paynesville,Gippsland - East,Latrobe - Gippsland,Rest of Vic.,7113,7190,77,1.1,417.9,17.2
205031087,Foster,Gippsland - South West,Latrobe - Gippsland,Rest of Vic.,9574,9631,57,0.6,1498.8,6.4
205031088,French Island,Gippsland - South West,Latrobe - Gippsland,Rest of Vic.,138,133,-5,-3.6,170.2,0.8
205031089,Korumburra,Gippsland - South West,Latrobe - Gippsland,Rest of Vic.,9944,10007,63,0.6,600.7,16.7
205031090,Leongatha,Gippsland - South West,Latrobe - Gippsland,Rest of Vic.,11636,11699,63,0.5,801,14.6
205031091,Phillip Island,Gippsland - South West,Latrobe - Gippsland,Rest of Vic.,14503,14795,292,2,100.6,147.1
205031092,Wilsons Promontory,Gippsland - South West,Latrobe - Gippsland,Rest of Vic.,15,15,0,0,481.5,0
205031093,Wonthaggi - Inverloch,Gippsland - South West,Latrobe - Gippsland,Rest of Vic.,28729,29333,604,2.1,728.8,40.3
205041094,Churchill,Latrobe Valley,Latrobe - Gippsland,Rest of Vic.,12189,12325,136,1.1,796.5,15.5
205041095,Moe - Newborough,Latrobe Valley,Latrobe - Gippsland,Rest of Vic.,17450,17640,190,1.1,105.3,167.5
205041096,Morwell,Latrobe Valley,Latrobe - Gippsland,Rest of Vic.,14470,14487,17,0.1,85.5,169.5
205041098,Yallourn North - Glengarry,Latrobe Valley,Latrobe - Gippsland,Rest of Vic.,4909,4972,63,1.3,342.7,14.5
205041493,Traralgon - East,Latrobe Valley,Latrobe - Gippsland,Rest of Vic.,12213,12362,149,1.2,108.3,114.1
205041494,Traralgon - West,Latrobe Valley,Latrobe - Gippsland,Rest of Vic.,17158,17236,78,0.5,41.3,416.9
205051099,Alps - West,Wellington,Latrobe - Gippsland,Rest of Vic.,23,23,0,0,2955.7,0
205051100,Longford - Loch Sport,Wellington,Latrobe - Gippsland,Rest of Vic.,4967,4993,26,0.5,1610.8,3.1
205051101,Maffra,Wellington,Latrobe - Gippsland,Rest of Vic.,15388,15549,161,1,2532.3,6.1
205051102,Rosedale,Wellington,Latrobe - Gippsland,Rest of Vic.,4893,5020,127,2.6,968.5,5.2
205051103,Sale,Wellington,Latrobe - Gippsland,Rest of Vic.,15270,15232,-38,-0.2,45.6,334
205051104,Yarram,Wellington,Latrobe - Gippsland,Rest of Vic.,5598,5587,-11,-0.2,1931.9,2.9
206011106,Brunswick East,Brunswick - Coburg,Melbourne - Inner,Greater Melbourne,14328,14693,365,2.5,2.2,6776.6
206011107,Brunswick West,Brunswick - Coburg,Melbourne - Inner,Greater Melbourne,15538,15988,450,2.9,3.2,5028.5
206011109,Pascoe Vale South,Brunswick - Coburg,Melbourne - Inner,Greater Melbourne,10831,10907,76,0.7,3,3649.4
206011495,Brunswick - North,Brunswick - Coburg,Melbourne - Inner,Greater Melbourne,14474,15255,781,5.4,2.4,6332.2
206011496,Brunswick - South,Brunswick - Coburg,Melbourne - Inner,Greater Melbourne,15081,15366,285,1.9,2.7,5621.6
206011497,Coburg - East,Brunswick - Coburg,Melbourne - Inner,Greater Melbourne,13887,14457,570,4.1,3.7,3858.2
206011498,Coburg - West,Brunswick - Coburg,Melbourne - Inner,Greater Melbourne,14767,14989,222,1.5,3.2,4702.3
206021110,Alphington - Fairfield,Darebin - South,Melbourne - Inner,Greater Melbourne,9653,9749,96,1,2.9,3378.9
206021112,Thornbury,Darebin - South,Melbourne - Inner,Greater Melbourne,19893,20234,341,1.7,5,4049.1
206021499,Northcote - East,Darebin - South,Melbourne - Inner,Greater Melbourne,15836,15969,133,0.8,3.5,4545.2
206021500,Northcote - West,Darebin - South,Melbourne - Inner,Greater Melbourne,10878,11026,148,1.4,2.6,4189.8
206031113,Ascot Vale,Essendon,Melbourne - Inner,Greater Melbourne,16078,16398,320,2,3.8,4274.7
206031115,Flemington,Essendon,Melbourne - Inner,Greater Melbourne,10215,9935,-280,-2.7,1.6,6284.8
206031116,Moonee Ponds,Essendon,Melbourne - Inner,Greater Melbourne,17752,17965,213,1.2,4.4,4125
206031501,Essendon (West) - Aberfeldie,Essendon,Melbourne - Inner,Greater Melbourne,17096,17119,23,0.1,4.9,3501.8
206031502,Essendon - East,Essendon,Melbourne - Inner,Greater Melbourne,12876,13196,320,2.5,3.6,3712.7
206041117,Carlton,Melbourne City,Melbourne - Inner,Greater Melbourne,23758,25267,1509,6.4,1.8,13892.9
206041118,Docklands,Melbourne City,Melbourne - Inner,Greater Melbourne,18407,19139,732,4,2.4,7831
206041119,East Melbourne,Melbourne City,Melbourne - Inner,Greater Melbourne,5169,5245,76,1.5,2.9,1808.7
206041120,Flemington Racecourse,Melbourne City,Melbourne - Inner,Greater Melbourne,78,78,0,0,1.7,45.6
206041121,Kensington (Vic.),Melbourne City,Melbourne - Inner,Greater Melbourne,11625,12423,798,6.9,2.1,5786.2
206041124,Parkville,Melbourne City,Melbourne - Inner,Greater Melbourne,8184,8280,96,1.2,4,2044.9
206041125,South Yarra - West,Melbourne City,Melbourne - Inner,Greater Melbourne,6893,6894,1,0,1.5,4587.7
206041127,West Melbourne - Industrial,Melbourne City,Melbourne - Inner,Greater Melbourne,0,0,0,0,6.2,0
206041503,Melbourne CBD - East,Melbourne City,Melbourne - Inner,Greater Melbourne,13593,14266,673,5,0.8,17788
206041504,Melbourne CBD - North,Melbourne City,Melbourne - Inner,Greater Melbourne,23395,24296,901,3.9,0.6,43262.1
206041505,Melbourne CBD - West,Melbourne City,Melbourne - Inner,Greater Melbourne,21340,22163,823,3.9,1,22050.5
206041506,North Melbourne,Melbourne City,Melbourne - Inner,Greater Melbourne,19069,19286,217,1.1,2.4,7953.6
206041507,Royal Botanic Gardens Victoria,Melbourne City,Melbourne - Inner,Greater Melbourne,0,0,0,0,1.4,0
206041508,Southbank (West) - South Wharf,Melbourne City,Melbourne - Inner,Greater Melbourne,7783,8122,339,4.4,0.8,9559.8
206041509,Southbank - East,Melbourne City,Melbourne - Inner,Greater Melbourne,19274,19552,278,1.4,0.8,24318.4
206041510,West Melbourne - Residential,Melbourne City,Melbourne - Inner,Greater Melbourne,9236,9699,463,5,0.8,11760.6
206051128,Albert Park,Port Phillip,Melbourne - Inner,Greater Melbourne,17094,17253,159,0.9,4.7,3690.7
206051129,Elwood,Port Phillip,Melbourne - Inner,Greater Melbourne,15880,16056,176,1.1,2.6,6289.1
206051130,Port Melbourne,Port Phillip,Melbourne - Inner,Greater Melbourne,16817,16927,110,0.7,2.8,6068.3
206051134,St Kilda East,Port Phillip,Melbourne - Inner,Greater Melbourne,17237,17380,143,0.8,2.4,7201.2
206051511,Port Melbourne Industrial,Port Phillip,Melbourne - Inner,Greater Melbourne,2567,3148,581,22.6,7.6,411.9
206051512,South Melbourne,Port Phillip,Melbourne - Inner,Greater Melbourne,12826,13132,306,2.4,1.9,6949.3
206051513,St Kilda - Central,Port Phillip,Melbourne - Inner,Greater Melbourne,13641,14012,371,2.7,1.5,9113.5
206051514,St Kilda - West,Port Phillip,Melbourne - Inner,Greater Melbourne,15944,16298,354,2.2,2.4,6895.1
206061135,Armadale,Stonnington - West,Melbourne - Inner,Greater Melbourne,9934,10032,98,1,2.2,4594.5
206061136,Prahran - Windsor,Stonnington - West,Melbourne - Inner,Greater Melbourne,20777,21112,335,1.6,2.9,7266.7
206061138,Toorak,Stonnington - West,Melbourne - Inner,Greater Melbourne,13439,13610,171,1.3,4.3,3148.1
206061515,South Yarra - North,Stonnington - West,Melbourne - Inner,Greater Melbourne,13516,13779,263,1.9,1.2,11781
206061516,South Yarra - South,Stonnington - West,Melbourne - Inner,Greater Melbourne,10452,10440,-12,-0.1,1.3,7747.7
206071139,Abbotsford,Yarra,Melbourne - Inner,Greater Melbourne,10207,10316,109,1.1,1.7,5927
206071140,Carlton North - Princes Hill,Yarra,Melbourne - Inner,Greater Melbourne,8678,8828,150,1.7,2.3,3831.3
206071141,Collingwood,Yarra,Melbourne - Inner,Greater Melbourne,11034,11383,349,3.2,1.3,8984.9
206071142,Fitzroy,Yarra,Melbourne - Inner,Greater Melbourne,11884,12135,251,2.1,1.4,8806.9
206071143,Fitzroy North,Yarra,Melbourne - Inner,Greater Melbourne,13618,13749,131,1,2.5,5488.4
206071145,Clifton Hill - Alphington,Yarra,Melbourne - Inner,Greater Melbourne,11220,11419,199,1.8,5.2,2192.2
206071517,Richmond (South) - Cremorne,Yarra,Melbourne - Inner,Greater Melbourne,19092,19225,133,0.7,4.3,4482.3
206071518,Richmond - North,Yarra,Melbourne - Inner,Greater Melbourne,15194,15303,109,0.7,1.9,7956.6
207011146,Ashburton (Vic.),Boroondara,Melbourne - Inner East,Greater Melbourne,8365,8471,106,1.3,2.8,2986.3
207011147,Balwyn,Boroondara,Melbourne - Inner East,Greater Melbourne,16901,16868,-33,-0.2,5.6,3020.2
207011148,Balwyn North,Boroondara,Melbourne - Inner East,Greater Melbourne,22276,22454,178,0.8,8.8,2537.4
207011149,Camberwell,Boroondara,Melbourne - Inner East,Greater Melbourne,22050,22052,2,0,7.3,3024.2
207011150,Glen Iris - East,Boroondara,Melbourne - Inner East,Greater Melbourne,17491,17650,159,0.9,5.7,3093.8
207011152,Hawthorn East,Boroondara,Melbourne - Inner East,Greater Melbourne,17242,17541,299,1.7,3.8,4587.1
207011154,Kew East,Boroondara,Melbourne - Inner East,Greater Melbourne,6748,6759,11,0.2,4,1683.3
207011155,Surrey Hills (West) - Canterbury,Boroondara,Melbourne - Inner East,Greater Melbourne,16193,16229,36,0.2,5.7,2845.9
207011519,Hawthorn - North,Boroondara,Melbourne - Inner East,Greater Melbourne,10759,10910,151,1.4,2.5,4442.5
207011520,Hawthorn - South,Boroondara,Melbourne - Inner East,Greater Melbourne,13394,13562,168,1.3,3.2,4216.6
207011521,Kew - South,Boroondara,Melbourne - Inner East,Greater Melbourne,12302,12306,4,0,4.3,2846.3
207011522,Kew - West,Boroondara,Melbourne - Inner East,Greater Melbourne,13624,13799,175,1.3,6.2,2221.8
207021156,Bulleen,Manningham - West,Melbourne - Inner East,Greater Melbourne,11730,11810,80,0.7,6.7,1770.3
207021157,Doncaster,Manningham - West,Melbourne - Inner East,Greater Melbourne,27827,28353,526,1.9,8.8,3231.6
207021159,Templestowe,Manningham - West,Melbourne - Inner East,Greater Melbourne,17419,17442,23,0.1,16.1,1082.2
207021160,Templestowe Lower,Manningham - West,Melbourne - Inner East,Greater Melbourne,14586,14695,109,0.7,5.9,2474.5
207021424,Doncaster East - North,Manningham - West,Melbourne - Inner East,Greater Melbourne,16306,16642,336,2.1,6.4,2599.1
207021425,Doncaster East - South,Manningham - West,Melbourne - Inner East,Greater Melbourne,16650,16983,333,2,4.8,3561.6
207031161,Blackburn,Whitehorse - West,Melbourne - Inner East,Greater Melbourne,23415,23732,317,1.4,8.6,2757.1
207031162,Blackburn South,Whitehorse - West,Melbourne - Inner East,Greater Melbourne,11061,11072,11,0.1,3.6,3078.5
207031163,Box Hill,Whitehorse - West,Melbourne - Inner East,Greater Melbourne,26577,27206,629,2.4,7,3879.8
207031164,Box Hill North,Whitehorse - West,Melbourne - Inner East,Greater Melbourne,19403,19760,357,1.8,6.2,3182.6
207031165,Burwood (Vic.),Whitehorse - West,Melbourne - Inner East,Greater Melbourne,14851,15480,629,4.2,5,3071.9
207031166,Burwood East,Whitehorse - West,Melbourne - Inner East,Greater Melbourne,12323,12460,137,1.1,4.3,2922.9
207031167,Surrey Hills (East) - Mont Albert,Whitehorse - West,Melbourne - Inner East,Greater Melbourne,10720,10776,56,0.5,3.3,3238.1
208011168,Beaumaris,Bayside,Melbourne - Inner South,Greater Melbourne,14376,14486,110,0.8,6,2427.4
208011169,Brighton (Vic.),Bayside,Melbourne - Inner South,Greater Melbourne,24046,24340,294,1.2,8.2,2968.1
208011170,Brighton East,Bayside,Melbourne - Inner South,Greater Melbourne,17223,17486,263,1.5,5.6,3117.9
208011171,Highett (West) - Cheltenham,Bayside,Melbourne - Inner South,Greater Melbourne,13073,13257,184,1.4,5.3,2492
208011172,Hampton,Bayside,Melbourne - Inner South,Greater Melbourne,19142,19524,382,2,5.7,3434.5
208011173,Sandringham - Black Rock,Bayside,Melbourne - Inner South,Greater Melbourne,17973,18071,98,0.5,6.4,2810.4
208021174,Bentleigh - McKinnon,Glen Eira,Melbourne - Inner South,Greater Melbourne,26752,26966,214,0.8,6.2,4332.4
208021176,Carnegie,Glen Eira,Melbourne - Inner South,Greater Melbourne,20837,21266,429,2.1,3.8,5589.7
208021177,Caulfield - North,Glen Eira,Melbourne - Inner South,Greater Melbourne,24395,24635,240,1,6.4,3837.9
208021178,Caulfield - South,Glen Eira,Melbourne - Inner South,Greater Melbourne,18918,19226,308,1.6,4.7,4053.9
208021179,Elsternwick,Glen Eira,Melbourne - Inner South,Greater Melbourne,12704,12827,123,1,2.9,4482.5
208021180,Hughesdale,Glen Eira,Melbourne - Inner South,Greater Melbourne,8053,8132,79,1,2,4046.8
208021181,Murrumbeena,Glen Eira,Melbourne - Inner South,Greater Melbourne,10010,10126,116,1.2,2.5,4026.6
208021182,Ormond - Glen Huntly,Glen Eira,Melbourne - Inner South,Greater Melbourne,14681,15157,476,3.2,2.9,5160.5
208021426,Bentleigh East - North,Glen Eira,Melbourne - Inner South,Greater Melbourne,17498,17873,375,2.1,4.6,3886.4
208021427,Bentleigh East - South,Glen Eira,Melbourne - Inner South,Greater Melbourne,14739,14949,210,1.4,4.6,3258.1
208031183,Aspendale Gardens - Waterways,Kingston,Melbourne - Inner South,Greater Melbourne,9061,9063,2,0,5.3,1707.6
208031184,Braeside,Kingston,Melbourne - Inner South,Greater Melbourne,28,28,0,0,9.1,3.1
208031185,Carrum - Patterson Lakes,Kingston,Melbourne - Inner South,Greater Melbourne,12414,12478,64,0.5,5.8,2142.4
208031186,Chelsea - Bonbeach,Kingston,Melbourne - Inner South,Greater Melbourne,15842,16058,216,1.4,5.4,2961.1
208031187,Chelsea Heights,Kingston,Melbourne - Inner South,Greater Melbourne,5431,5445,14,0.3,3.2,1703.8
208031188,Highett (East) - Cheltenham,Kingston,Melbourne - Inner South,Greater Melbourne,25799,26320,521,2,8.7,3012.3
208031189,Edithvale - Aspendale,Kingston,Melbourne - Inner South,Greater Melbourne,14112,14365,253,1.8,5.1,2816.6
208031190,Mentone,Kingston,Melbourne - Inner South,Greater Melbourne,13945,14155,210,1.5,4.5,3180.9
208031191,Moorabbin - Heatherton,Kingston,Melbourne - Inner South,Greater Melbourne,9679,9826,147,1.5,11.7,839.9
208031192,Moorabbin Airport,Kingston,Melbourne - Inner South,Greater Melbourne,26,26,0,0,3.1,8.5
208031193,Mordialloc - Parkdale,Kingston,Melbourne - Inner South,Greater Melbourne,22197,22437,240,1.1,8,2815.9
208041194,Malvern - Glen Iris,Stonnington - East,Melbourne - Inner South,Greater Melbourne,21586,21820,234,1.1,6.2,3545
208041195,Malvern East,Stonnington - East,Melbourne - Inner South,Greater Melbourne,23656,23996,340,1.4,7.6,3171.3
209011196,Bundoora - East,Banyule,Melbourne - North East,Greater Melbourne,10196,10339,143,1.4,4.1,2537.2
209011197,Greensborough,Banyule,Melbourne - North East,Greater Melbourne,21287,21386,99,0.5,10.1,2118
209011198,Heidelberg - Rosanna,Banyule,Melbourne - North East,Greater Melbourne,16852,16925,73,0.4,6.4,2656.3
209011199,Heidelberg West,Banyule,Melbourne - North East,Greater Melbourne,16641,17224,583,3.5,6.7,2574.1
209011200,Ivanhoe,Banyule,Melbourne - North East,Greater Melbourne,13116,13188,72,0.5,5,2611.6
209011201,Ivanhoe East - Eaglemont,Banyule,Melbourne - North East,Greater Melbourne,8069,8169,100,1.2,4.3,1910
209011202,Montmorency - Briar Hill,Banyule,Melbourne - North East,Greater Melbourne,16916,17042,126,0.7,12,1416.9
209011203,Viewbank - Yallambie,Banyule,Melbourne - North East,Greater Melbourne,18897,18993,96,0.5,10.2,1855.2
209011204,Watsonia,Banyule,Melbourne - North East,Greater Melbourne,9486,9504,18,0.2,3.8,2510.5
209021205,Kingsbury,Darebin - North,Melbourne - North East,Greater Melbourne,12454,12932,478,3.8,9,1435.4
209021428,Preston - East,Darebin - North,Melbourne - North East,Greater Melbourne,22473,23403,930,4.1,7.7,3021.4
209021429,Preston - West,Darebin - North,Melbourne - North East,Greater Melbourne,13414,13610,196,1.5,3.6,3814.6
209021523,Reservoir - North East,Darebin - North,Melbourne - North East,Greater Melbourne,15915,16329,414,2.6,4.8,3410.4
209021524,Reservoir - North West,Darebin - North,Melbourne - North East,Greater Melbourne,9806,9751,-55,-0.6,4.5,2152.7
209021525,Reservoir - South East,Darebin - North,Melbourne - North East,Greater Melbourne,13823,14143,320,2.3,4.2,3384.9
209021526,Reservoir - South West,Darebin - North,Melbourne - North East,Greater Melbourne,15104,15350,246,1.6,5.6,2729
209031209,Eltham,Nillumbik - Kinglake,Melbourne - North East,Greater Melbourne,23515,23669,154,0.7,19.5,1214.5
209031210,Hurstbridge,Nillumbik - Kinglake,Melbourne - North East,Greater Melbourne,3518,3521,3,0.1,14.8,237.2
209031211,Kinglake,Nillumbik - Kinglake,Melbourne - North East,Greater Melbourne,4369,4419,50,1.1,319.5,13.8
209031212,Panton Hill - St Andrews,Nillumbik - Kinglake,Melbourne - North East,Greater Melbourne,5123,5130,7,0.1,292.2,17.6
209031213,Plenty - Yarrambat,Nillumbik - Kinglake,Melbourne - North East,Greater Melbourne,9584,9579,-5,-0.1,29.1,329
209031214,Research - North Warrandyte,Nillumbik - Kinglake,Melbourne - North East,Greater Melbourne,7017,7039,22,0.3,49.8,141.4
209031215,Wattle Glen - Diamond Creek,Nillumbik - Kinglake,Melbourne - North East,Greater Melbourne,14771,14859,88,0.6,26.8,553.9
209041216,Bundoora - North,Whittlesea - Wallan,Melbourne - North East,Greater Melbourne,7966,8014,48,0.6,4.7,1699.7
209041217,Bundoora - West,Whittlesea - Wallan,Melbourne - North East,Greater Melbourne,6721,6806,85,1.3,2.6,2658.5
209041220,Mill Park - North,Whittlesea - Wallan,Melbourne - North East,Greater Melbourne,17665,17610,-55,-0.3,8.1,2164.4
209041221,Mill Park - South,Whittlesea - Wallan,Melbourne - North East,Greater Melbourne,11288,11494,206,1.8,4.9,2331.5
209041223,Thomastown,Whittlesea - Wallan,Melbourne - North East,Greater Melbourne,20484,20595,111,0.5,14.7,1402.4
209041224,Wallan,Whittlesea - Wallan,Melbourne - North East,Greater Melbourne,28343,30342,1999,7.1,507.7,59.8
209041225,Whittlesea,Whittlesea - Wallan,Melbourne - North East,Greater Melbourne,15759,18174,2415,15.3,298,61
209041431,Epping - East,Whittlesea - Wallan,Melbourne - North East,Greater Melbourne,13453,13555,102,0.8,7.8,1744.7
209041432,Epping - South,Whittlesea - Wallan,Melbourne - North East,Greater Melbourne,8380,8322,-58,-0.7,15.9,524.3
209041433,Epping (Vic.) - West,Whittlesea - Wallan,Melbourne - North East,Greater Melbourne,12852,12895,43,0.3,7.4,1752.7
209041435,South Morang - North,Whittlesea - Wallan,Melbourne - North East,Greater Melbourne,13029,13259,230,1.8,13.7,967.1
209041436,South Morang - South,Whittlesea - Wallan,Melbourne - North East,Greater Melbourne,12855,13054,199,1.5,7.7,1685.6
209041437,Wollert,Whittlesea - Wallan,Melbourne - North East,Greater Melbourne,33491,36658,3167,9.5,53.9,680.2
209041527,Doreen - North,Whittlesea - Wallan,Melbourne - North East,Greater Melbourne,17176,17283,107,0.6,9.4,1831
209041528,Doreen - South,Whittlesea - Wallan,Melbourne - North East,Greater Melbourne,11781,11947,166,1.4,5,2378.8
209041529,Lalor - East,Whittlesea - Wallan,Melbourne - North East,Greater Melbourne,10162,10253,91,0.9,3.3,3085.3
209041530,Lalor - West,Whittlesea - Wallan,Melbourne - North East,Greater Melbourne,13889,13925,36,0.3,8.7,1593.9
209041531,Mernda - North,Whittlesea - Wallan,Melbourne - North East,Greater Melbourne,12004,12061,57,0.5,15.2,793.7
209041532,Mernda - South,Whittlesea - Wallan,Melbourne - North East,Greater Melbourne,13483,13854,371,2.8,8.6,1605.9
210011226,Airport West,Keilor,Melbourne - North West,Greater Melbourne,8612,8783,171,2,3.7,2361.4
210011227,Essendon Airport,Keilor,Melbourne - North West,Greater Melbourne,14,14,0,0,3.4,4.2
210011228,Keilor,Keilor,Melbourne - North West,Greater Melbourne,8675,8732,57,0.7,17.5,498.6
210011230,Niddrie - Essendon West,Keilor,Melbourne - North West,Greater Melbourne,7898,8048,150,1.9,2.8,2871.5
210011231,Strathmore,Keilor,Melbourne - North West,Greater Melbourne,10427,10536,109,1,4.1,2542.2
210011533,Avondale Heights,Keilor,Melbourne - North West,Greater Melbourne,12792,12861,69,0.5,5.4,2377.8
210011534,Keilor East,Keilor,Melbourne - North West,Greater Melbourne,15463,15645,182,1.2,5.5,2853.5
210021232,Gisborne,Macedon Ranges,Melbourne - North West,Greater Melbourne,15405,15959,554,3.6,211.1,75.6
210021233,Macedon,Macedon Ranges,Melbourne - North West,Greater Melbourne,3623,3615,-8,-0.2,73,49.5
210021234,Riddells Creek,Macedon Ranges,Melbourne - North West,Greater Melbourne,4520,4589,69,1.5,83.4,55.1
210021235,Romsey,Macedon Ranges,Melbourne - North West,Greater Melbourne,11463,11567,104,0.9,624.7,18.5
210031236,Coburg North,Moreland - North,Melbourne - North West,Greater Melbourne,8882,8932,50,0.6,4.9,1831.1
210031237,Fawkner,Moreland - North,Melbourne - North West,Greater Melbourne,14900,15096,196,1.3,5.1,2968.8
210031439,Gowanbrae,Moreland - North,Melbourne - North West,Greater Melbourne,3173,3215,42,1.3,1.5,2111.7
210031440,Hadfield,Moreland - North,Melbourne - North West,Greater Melbourne,6625,6650,25,0.4,3.1,2180.2
210031535,Glenroy - East,Moreland - North,Melbourne - North West,Greater Melbourne,15671,15762,91,0.6,6.2,2523
210031536,Glenroy - West,Moreland - North,Melbourne - North West,Greater Melbourne,9518,9563,45,0.5,2.6,3662.7
210031537,Oak Park,Moreland - North,Melbourne - North West,Greater Melbourne,8450,8559,109,1.3,2.4,3637
210031538,Pascoe Vale,Moreland - North,Melbourne - North West,Greater Melbourne,18356,18674,318,1.7,4.6,4032.4
210041240,Sunbury,Sunbury,Melbourne - North West,Greater Melbourne,14758,15364,606,4.1,129.5,118.6
210041539,Diggers Rest,Sunbury,Melbourne - North West,Greater Melbourne,6946,7434,488,7,51.9,143.3
210041540,Sunbury - South,Sunbury,Melbourne - North West,Greater Melbourne,16773,17683,910,5.4,41.4,426.6
210041541,Sunbury - West,Sunbury,Melbourne - North West,Greater Melbourne,11368,11497,129,1.1,37.8,304.2
210051242,Broadmeadows,Tullamarine - Broadmeadows,Melbourne - North West,Greater Melbourne,14734,14972,238,1.6,8.8,1696.2
210051243,Campbellfield - Coolaroo,Tullamarine - Broadmeadows,Melbourne - North West,Greater Melbourne,16389,16386,-3,0,18.2,901
210051245,Gladstone Park - Westmeadows,Tullamarine - Broadmeadows,Melbourne - North West,Greater Melbourne,18208,18285,77,0.4,13.9,1312.1
210051246,Greenvale - Bulla,Tullamarine - Broadmeadows,Melbourne - North West,Greater Melbourne,25668,26757,1089,4.2,95.9,279
210051247,Meadow Heights,Tullamarine - Broadmeadows,Melbourne - North West,Greater Melbourne,14915,14841,-74,-0.5,4.6,3208.7
210051248,Melbourne Airport,Tullamarine - Broadmeadows,Melbourne - North West,Greater Melbourne,130,130,0,0,30.4,4.3
210051250,Tullamarine,Tullamarine - Broadmeadows,Melbourne - North West,Greater Melbourne,6667,6727,60,0.9,3.9,1743
210051441,Craigieburn - Central,Tullamarine - Broadmeadows,Melbourne - North West,Greater Melbourne,8170,8172,2,0,4,2059.2
210051442,Craigieburn - North,Tullamarine - Broadmeadows,Melbourne - North West,Greater Melbourne,12833,12846,13,0.1,13.4,962.1
210051443,Craigieburn - South,Tullamarine - Broadmeadows,Melbourne - North West,Greater Melbourne,23994,24431,437,1.8,11.9,2050.6
210051445,Mickleham - Yuroke,Tullamarine - Broadmeadows,Melbourne - North West,Greater Melbourne,35244,39389,4145,11.8,70.8,556.1
210051542,Craigieburn - North West,Tullamarine - Broadmeadows,Melbourne - North West,Greater Melbourne,11144,11293,149,1.3,1.9,5882.4
210051543,Craigieburn - West,Tullamarine - Broadmeadows,Melbourne - North West,Greater Melbourne,14699,14970,271,1.8,4.1,3661
210051544,Roxburgh Park (South) - Somerton,Tullamarine - Broadmeadows,Melbourne - North West,Greater Melbourne,9691,9699,8,0.1,8.9,1092.7
210051545,Roxburgh Park - North,Tullamarine - Broadmeadows,Melbourne - North West,Greater Melbourne,15375,15440,65,0.4,3.4,4522.8
211011251,Bayswater,Knox,Melbourne - Outer East,Greater Melbourne,13270,13388,118,0.9,8,1664.4
211011254,Knoxfield - Scoresby,Knox,Melbourne - Outer East,Greater Melbourne,17094,17232,138,0.8,15.3,1128.8
211011255,Lysterfield,Knox,Melbourne - Outer East,Greater Melbourne,6583,6622,39,0.6,18.5,358.1
211011256,Rowville - Central,Knox,Melbourne - Outer East,Greater Melbourne,15692,15771,79,0.5,8.2,1923.2
211011257,Rowville - North,Knox,Melbourne - Outer East,Greater Melbourne,7867,7827,-40,-0.5,4.2,1877.5
211011258,Rowville - South,Knox,Melbourne - Outer East,Greater Melbourne,10566,10578,12,0.1,9.4,1130.9
211011259,Wantirna,Knox,Melbourne - Outer East,Greater Melbourne,14607,14634,27,0.2,8.3,1761.8
211011260,Wantirna South,Knox,Melbourne - Outer East,Greater Melbourne,18360,18475,115,0.6,13.4,1383.3
211011446,Boronia,Knox,Melbourne - Outer East,Greater Melbourne,24512,24763,251,1,11.3,2198.6
211011447,Ferntree Gully - North,Knox,Melbourne - Outer East,Greater Melbourne,14500,14538,38,0.3,7,2081.3
211011448,Ferntree Gully (South) - Upper Ferntree Gully,Knox,Melbourne - Outer East,Greater Melbourne,15562,15630,68,0.4,9.1,1708.2
211011449,The Basin,Knox,Melbourne - Outer East,Greater Melbourne,4318,4336,18,0.4,5.7,758.5
211021261,Donvale - Park Orchards,Manningham - East,Melbourne - Outer East,Greater Melbourne,16748,16894,146,0.9,20.8,812.1
211021262,Warrandyte - Wonga Park,Manningham - East,Melbourne - Outer East,Greater Melbourne,10212,10229,17,0.2,45.8,223.5
211031263,Bayswater North,Maroondah,Melbourne - Outer East,Greater Melbourne,12007,12097,90,0.7,9.9,1220.8
211031265,Croydon Hills - Warranwood,Maroondah,Melbourne - Outer East,Greater Melbourne,18352,18457,105,0.6,9.5,1944.5
211031266,Ringwood,Maroondah,Melbourne - Outer East,Greater Melbourne,19593,19779,186,0.9,9.9,1995.8
211031267,Ringwood East,Maroondah,Melbourne - Outer East,Greater Melbourne,21824,22164,340,1.6,9.4,2359.7
211031268,Ringwood North,Maroondah,Melbourne - Outer East,Greater Melbourne,9777,9839,62,0.6,4.7,2079.8
211031450,Croydon - East,Maroondah,Melbourne - Outer East,Greater Melbourne,17141,17345,204,1.2,8.1,2141.8
211031451,Croydon - West,Maroondah,Melbourne - Outer East,Greater Melbourne,14793,14940,147,1,6.8,2197.7
211031452,Croydon South,Maroondah,Melbourne - Outer East,Greater Melbourne,5118,5147,29,0.6,2.9,1802.2
211041269,Forest Hill,Whitehorse - East,Melbourne - Outer East,Greater Melbourne,11179,11256,77,0.7,4.1,2765.5
211041270,Mitcham (Vic.),Whitehorse - East,Melbourne - Outer East,Greater Melbourne,17425,17496,71,0.4,6.6,2640.1
211041271,Nunawading,Whitehorse - East,Melbourne - Outer East,Greater Melbourne,13192,13247,55,0.4,5.1,2608.4
211041272,Vermont,Whitehorse - East,Melbourne - Outer East,Greater Melbourne,11333,11435,102,0.9,4.6,2480.6
211041273,Vermont South,Whitehorse - East,Melbourne - Outer East,Greater Melbourne,12237,12250,13,0.1,6.2,1980.9
211051274,Belgrave - Selby,Yarra Ranges,Melbourne - Outer East,Greater Melbourne,9958,9964,6,0.1,55.7,179
211051275,Chirnside Park,Yarra Ranges,Melbourne - Outer East,Greater Melbourne,12483,12603,120,1,22.2,567.6
211051276,Healesville - Yarra Glen,Yarra Ranges,Melbourne - Outer East,Greater Melbourne,14000,14116,116,0.8,369.5,38.2
211051277,Kilsyth,Yarra Ranges,Melbourne - Outer East,Greater Melbourne,10647,10692,45,0.4,8.2,1297.2
211051278,Lilydale - Coldstream,Yarra Ranges,Melbourne - Outer East,Greater Melbourne,20492,20905,413,2,109.4,191.1
211051279,Monbulk - Silvan,Yarra Ranges,Melbourne - Outer East,Greater Melbourne,5808,5840,32,0.6,68.6,85.2
211051280,Montrose,Yarra Ranges,Melbourne - Outer East,Greater Melbourne,6893,6904,11,0.2,10.5,654.8
211051281,Mooroolbark,Yarra Ranges,Melbourne - Outer East,Greater Melbourne,24206,24395,189,0.8,12.5,1944.8
211051282,Mount Dandenong - Olinda,Yarra Ranges,Melbourne - Outer East,Greater Melbourne,9578,9587,9,0.1,81.9,117.1
211051283,Mount Evelyn,Yarra Ranges,Melbourne - Outer East,Greater Melbourne,9997,10043,46,0.5,17,591.1
211051284,Upwey - Tecoma,Yarra Ranges,Melbourne - Outer East,Greater Melbourne,9832,9867,35,0.4,8.9,1109.8
211051285,Wandin - Seville,Yarra Ranges,Melbourne - Outer East,Greater Melbourne,7969,7996,27,0.3,111.8,71.5
211051286,Yarra Valley,Yarra Ranges,Melbourne - Outer East,Greater Melbourne,17026,17087,61,0.4,729.8,23.4
212011289,Emerald - Cockatoo,Cardinia,Melbourne - South East,Greater Melbourne,18907,19043,136,0.7,371.6,51.2
212011546,Beaconsfield - Officer,Cardinia,Melbourne - South East,Greater Melbourne,28306,29524,1218,4.3,33.3,887.9
212011547,Bunyip - Garfield,Cardinia,Melbourne - South East,Greater Melbourne,10223,10366,143,1.4,366,28.3
212011548,Koo Wee Rup,Cardinia,Melbourne - South East,Greater Melbourne,11981,12598,617,5.1,414.7,30.4
212011549,Pakenham - North East,Cardinia,Melbourne - South East,Greater Melbourne,16320,16593,273,1.7,18.9,876.6
212011550,Pakenham - North West,Cardinia,Melbourne - South East,Greater Melbourne,9629,10502,873,9.1,24.7,425.6
212011551,Pakenham - South East,Cardinia,Melbourne - South East,Greater Melbourne,6677,6778,101,1.5,30.9,219.1
212011552,Pakenham - South West,Cardinia,Melbourne - South East,Greater Melbourne,28162,28194,32,0.1,22.3,1265.5
212021293,Berwick - North,Casey - North,Melbourne - South East,Greater Melbourne,23748,23637,-111,-0.5,19.7,1196.9
212021295,Doveton,Casey - North,Melbourne - South East,Greater Melbourne,12728,12893,165,1.3,5.2,2482.5
212021297,Hallam,Casey - North,Melbourne - South East,Greater Melbourne,11898,12009,111,0.9,8.1,1490.6
212021299,Narre Warren North,Casey - North,Melbourne - South East,Greater Melbourne,8160,8237,77,0.9,34.4,239.4
212021453,Endeavour Hills - North,Casey - North,Melbourne - South East,Greater Melbourne,12118,12175,57,0.5,14.5,841.1
212021454,Endeavour Hills - South,Casey - North,Melbourne - South East,Greater Melbourne,13564,13539,-25,-0.2,5.6,2423.2
212021455,Narre Warren - North East,Casey - North,Melbourne - South East,Greater Melbourne,13605,13618,13,0.1,4.9,2794
212021456,Narre Warren - South West,Casey - North,Melbourne - South East,Greater Melbourne,15403,15484,81,0.5,9.3,1664
212021553,Berwick - South East,Casey - North,Melbourne - South East,Greater Melbourne,19954,20765,811,4.1,9.9,2101
212021554,Berwick - South West,Casey - North,Melbourne - South East,Greater Melbourne,12746,13243,497,3.9,5,2663.9
212031300,Cranbourne,Casey - South,Melbourne - South East,Greater Melbourne,22468,22708,240,1.1,13,1743.1
212031303,Cranbourne South,Casey - South,Melbourne - South East,Greater Melbourne,24522,27368,2846,11.6,81.7,335.1
212031304,Cranbourne West,Casey - South,Melbourne - South East,Greater Melbourne,24843,25490,647,2.6,12.9,1976.3
212031306,Lynbrook - Lyndhurst,Casey - South,Melbourne - South East,Greater Melbourne,19379,19545,166,0.9,7.4,2656.2
212031308,Pearcedale - Tooradin,Casey - South,Melbourne - South East,Greater Melbourne,8222,8272,50,0.6,98.5,84
212031457,Narre Warren South - East,Casey - South,Melbourne - South East,Greater Melbourne,12996,13022,26,0.2,6.2,2093.4
212031458,Narre Warren South - West,Casey - South,Melbourne - South East,Greater Melbourne,17089,17083,-6,0,6.8,2520.7
212031555,Clyde North - North,Casey - South,Melbourne - South East,Greater Melbourne,13108,13667,559,4.3,6.9,1985.5
212031556,Clyde North - South,Casey - South,Melbourne - South East,Greater Melbourne,24557,28328,3771,15.4,19.7,1441.3
212031557,Cranbourne East - North,Casey - South,Melbourne - South East,Greater Melbourne,25066,25111,45,0.2,11,2277.6
212031558,Cranbourne East - South,Casey - South,Melbourne - South East,Greater Melbourne,15055,15590,535,3.6,5.3,2926.5
212031559,Cranbourne North - East,Casey - South,Melbourne - South East,Greater Melbourne,13621,13691,70,0.5,5.5,2510
212031560,Cranbourne North - West,Casey - South,Melbourne - South East,Greater Melbourne,12295,12313,18,0.1,4.8,2573.3
212031561,Hampton Park - East,Casey - South,Melbourne - South East,Greater Melbourne,13348,13393,45,0.3,8.2,1629.5
212031562,Hampton Park - West,Casey - South,Melbourne - South East,Greater Melbourne,13715,13748,33,0.2,5.1,2683.4
212041309,Clarinda - Oakleigh South,Dandenong,Melbourne - South East,Greater Melbourne,11724,11741,17,0.1,6.3,1857
212041310,Clayton South,Dandenong,Melbourne - South East,Greater Melbourne,15085,15349,264,1.8,7.9,1933.6
212041312,Dandenong North,Dandenong,Melbourne - South East,Greater Melbourne,23248,23391,143,0.6,9.5,2472.9
212041313,Dingley Village,Dandenong,Melbourne - South East,Greater Melbourne,10728,10770,42,0.4,7.2,1486.8
212041316,Noble Park North,Dandenong,Melbourne - South East,Greater Melbourne,7622,7593,-29,-0.4,3.8,2020.8
212041317,Springvale,Dandenong,Melbourne - South East,Greater Melbourne,24023,24468,445,1.9,11.1,2203.3
212041318,Springvale South,Dandenong,Melbourne - South East,Greater Melbourne,13111,13274,163,1.2,4.6,2911
212041459,Noble Park - East,Dandenong,Melbourne - South East,Greater Melbourne,13641,13935,294,2.2,3.8,3699.1
212041460,Noble Park - West,Dandenong,Melbourne - South East,Greater Melbourne,20260,20473,213,1.1,4.8,4270
212041563,Dandenong - North,Dandenong,Melbourne - South East,Greater Melbourne,22963,23327,364,1.6,8,2901
212041564,Dandenong - South,Dandenong,Melbourne - South East,Greater Melbourne,9993,10039,46,0.5,53.8,186.7
212041565,Keysborough - North,Dandenong,Melbourne - South East,Greater Melbourne,15059,15067,8,0.1,6.6,2281
212041566,Keysborough - South,Dandenong,Melbourne - South East,Greater Melbourne,16827,17117,290,1.7,23.7,723
212051319,Ashwood - Chadstone,Monash,Melbourne - South East,Greater Melbourne,20875,21139,264,1.3,6.7,3150.9
212051321,Glen Waverley - East,Monash,Melbourne - South East,Greater Melbourne,22630,22820,190,0.8,9.2,2490
212051322,Glen Waverley - West,Monash,Melbourne - South East,Greater Melbourne,23121,23417,296,1.3,7.7,3050.8
212051323,Mount Waverley - North,Monash,Melbourne - South East,Greater Melbourne,17152,17492,340,2,6.5,2697.7
212051324,Mount Waverley - South,Monash,Melbourne - South East,Greater Melbourne,20522,20659,137,0.7,8.7,2374.4
212051325,Mulgrave,Monash,Melbourne - South East,Greater Melbourne,20938,21072,134,0.6,10.7,1965.9
212051326,Oakleigh - Huntingdale,Monash,Melbourne - South East,Greater Melbourne,25025,25427,402,1.6,10.2,2500.1
212051327,Wheelers Hill,Monash,Melbourne - South East,Greater Melbourne,21236,21281,45,0.2,10.4,2038.5
212051567,Clayton (North) - Notting Hill,Monash,Melbourne - South East,Greater Melbourne,14069,14911,842,6,5.2,2851.4
212051568,Clayton - Central,Monash,Melbourne - South East,Greater Melbourne,14977,15483,506,3.4,4.2,3702.4
213011328,Ardeer - Albion,Brimbank,Melbourne - West,Greater Melbourne,7880,7955,75,1,4.6,1733.8
213011329,Cairnlea,Brimbank,Melbourne - West,Greater Melbourne,10009,10035,26,0.3,4.4,2277.5
213011331,Delahey,Brimbank,Melbourne - West,Greater Melbourne,7981,7859,-122,-1.5,3.5,2241.9
213011332,Keilor Downs,Brimbank,Melbourne - West,Greater Melbourne,13036,13080,44,0.3,7.7,1707.6
213011333,Kings Park (Vic.),Brimbank,Melbourne - West,Greater Melbourne,13884,13956,72,0.5,4.4,3148.7
213011334,St Albans - North,Brimbank,Melbourne - West,Greater Melbourne,20921,21020,99,0.5,6.5,3222.7
213011335,St Albans - South,Brimbank,Melbourne - West,Greater Melbourne,17697,17705,8,0,6.3,2826.2
213011336,Sunshine,Brimbank,Melbourne - West,Greater Melbourne,10059,10151,92,0.9,4.7,2145.2
213011337,Sunshine North,Brimbank,Melbourne - West,Greater Melbourne,12462,12751,289,2.3,8,1589.1
213011338,Sunshine West,Brimbank,Melbourne - West,Greater Melbourne,18724,18693,-31,-0.2,13,1441.4
213011339,Sydenham,Brimbank,Melbourne - West,Greater Melbourne,11929,12025,96,0.8,3.9,3045.9
213011340,Taylors Lakes,Brimbank,Melbourne - West,Greater Melbourne,16966,16896,-70,-0.4,18.5,915.1
213011569,Deer Park,Brimbank,Melbourne - West,Greater Melbourne,18398,18368,-30,-0.2,8.1,2274.1
213011570,Derrimut,Brimbank,Melbourne - West,Greater Melbourne,8880,8958,78,0.9,13.3,675.7
213021341,Altona,Hobsons Bay,Melbourne - West,Greater Melbourne,14190,14428,238,1.7,17.7,815.9
213021342,Altona Meadows,Hobsons Bay,Melbourne - West,Greater Melbourne,18733,18783,50,0.3,10.5,1781.7
213021343,Altona North,Hobsons Bay,Melbourne - West,Greater Melbourne,15851,16493,642,4.1,16.2,1019.1
213021344,Newport,Hobsons Bay,Melbourne - West,Greater Melbourne,19879,20328,449,2.3,8.8,2299.4
213021345,Seabrook,Hobsons Bay,Melbourne - West,Greater Melbourne,4932,4932,0,0,1.6,3044.6
213021346,Williamstown,Hobsons Bay,Melbourne - West,Greater Melbourne,16867,17102,235,1.4,7.3,2328
213031347,Braybrook,Maribyrnong,Melbourne - West,Greater Melbourne,20607,20916,309,1.5,7.5,2794.7
213031348,Footscray,Maribyrnong,Melbourne - West,Greater Melbourne,20607,20882,275,1.3,5,4204.1
213031349,Maribyrnong,Maribyrnong,Melbourne - West,Greater Melbourne,13751,13960,209,1.5,5.5,2541.2
213031350,Seddon - Kingsville,Maribyrnong,Melbourne - West,Greater Melbourne,9722,9748,26,0.3,1.7,5801.3
213031351,West Footscray - Tottenham,Maribyrnong,Melbourne - West,Greater Melbourne,12883,13007,124,1,6,2174.8
213031352,Yarraville,Maribyrnong,Melbourne - West,Greater Melbourne,16153,16159,6,0,5.6,2875.3
213041353,Bacchus Marsh,Melton - Bacchus Marsh,Melbourne - West,Greater Melbourne,26531,27182,651,2.5,196.3,138.5
213041358,Melton West,Melton - Bacchus Marsh,Melbourne - West,Greater Melbourne,22617,22710,93,0.4,24.2,938.3
213041359,Rockbank - Mount Cottrell,Melton - Bacchus Marsh,Melbourne - West,Greater Melbourne,31254,35856,4602,14.7,125.8,285.1
213041360,Taylors Hill,Melton - Bacchus Marsh,Melbourne - West,Greater Melbourne,19818,19874,56,0.3,6,3330.1
213041461,Burnside,Melton - Bacchus Marsh,Melbourne - West,Greater Melbourne,6418,6635,217,3.4,2.6,2599.9
213041462,Burnside Heights,Melton - Bacchus Marsh,Melbourne - West,Greater Melbourne,6460,6443,-17,-0.3,2,3228.9
213041463,Caroline Springs,Melton - Bacchus Marsh,Melbourne - West,Greater Melbourne,20954,20934,-20,-0.1,7,3011
213041571,Brookfield,Melton - Bacchus Marsh,Melbourne - West,Greater Melbourne,10364,10665,301,2.9,10.7,997.4
213041572,Cobblebank - Strathtulloh,Melton - Bacchus Marsh,Melbourne - West,Greater Melbourne,11697,12885,1188,10.2,19.8,652.1
213041573,Eynesbury - Exford,Melton - Bacchus Marsh,Melbourne - West,Greater Melbourne,3909,4309,400,10.2,69.5,62
213041574,Fraser Rise - Plumpton,Melton - Bacchus Marsh,Melbourne - West,Greater Melbourne,20675,24739,4064,19.7,58.7,421.2
213041575,Hillside,Melton - Bacchus Marsh,Melbourne - West,Greater Melbourne,16093,16173,80,0.5,7.8,2069.1
213041576,Kurunjang - Toolern Vale,Melton - Bacchus Marsh,Melbourne - West,Greater Melbourne,12031,12082,51,0.4,120.8,100
213041577,Melton,Melton - Bacchus Marsh,Melbourne - West,Greater Melbourne,8017,8007,-10,-0.1,9.9,812
213041578,Melton South - Weir Views,Melton - Bacchus Marsh,Melbourne - West,Greater Melbourne,21641,22821,1180,5.5,11,2070.8
213051361,Hoppers Crossing - North,Wyndham,Melbourne - West,Greater Melbourne,18353,18359,6,0,10.9,1682.2
213051362,Hoppers Crossing - South,Wyndham,Melbourne - West,Greater Melbourne,18879,18906,27,0.1,7,2696.5
213051363,Laverton,Wyndham,Melbourne - West,Greater Melbourne,12672,12816,144,1.1,22.2,576.1
213051368,Werribee - South,Wyndham,Melbourne - West,Greater Melbourne,17866,17936,70,0.4,114,157.3
213051464,Point Cook - East,Wyndham,Melbourne - West,Greater Melbourne,21396,21797,401,1.9,19,1145.1
213051466,Point Cook - South,Wyndham,Melbourne - West,Greater Melbourne,20490,20835,345,1.7,9.4,2211.3
213051467,Werribee - East,Wyndham,Melbourne - West,Greater Melbourne,19040,19205,165,0.9,7.8,2475.9
213051468,Werribee - West,Wyndham,Melbourne - West,Greater Melbourne,30413,32943,2530,8.3,127.7,258
213051579,Manor Lakes - Quandong,Wyndham,Melbourne - West,Greater Melbourne,12519,13667,1148,9.2,72,189.7
213051580,Point Cook - North East,Wyndham,Melbourne - West,Greater Melbourne,14749,14746,-3,0,5.6,2655.6
213051581,Point Cook - North West,Wyndham,Melbourne - West,Greater Melbourne,10107,10151,44,0.4,2.9,3455.1
213051582,Tarneit (West) - Mount Cottrell,Wyndham,Melbourne - West,Greater Melbourne,17068,19169,2101,12.3,36.7,522.2
213051583,Tarneit - Central,Wyndham,Melbourne - West,Greater Melbourne,29337,29246,-91,-0.3,8,3673.8
213051584,Tarneit - North,Wyndham,Melbourne - West,Greater Melbourne,13406,15880,2474,18.5,14.3,1107
213051585,Tarneit - South,Wyndham,Melbourne - West,Greater Melbourne,11637,11864,227,2,3.1,3790.3
213051586,Truganina - North,Wyndham,Melbourne - West,Greater Melbourne,14210,15384,1174,8.3,17.5,878.1
213051587,Truganina - South East,Wyndham,Melbourne - West,Greater Melbourne,10633,10846,213,2,4.3,2541.5
213051588,Truganina - South West,Wyndham,Melbourne - West,Greater Melbourne,20259,20395,136,0.7,5.4,3792.4
213051589,Wyndham Vale - North,Wyndham,Melbourne - West,Greater Melbourne,13052,14515,1463,11.2,51.2,283.2
213051590,Wyndham Vale - South,Wyndham,Melbourne - West,Greater Melbourne,14106,14135,29,0.2,5,2851.2
214011370,Carrum Downs,Frankston,Mornington Peninsula,Greater Melbourne,23286,23464,178,0.8,20.3,1155.4
214011371,Frankston,Frankston,Mornington Peninsula,Greater Melbourne,24736,25043,307,1.2,11.6,2154.3
214011372,Frankston North,Frankston,Mornington Peninsula,Greater Melbourne,19791,19794,3,0,13.2,1495.2
214011373,Frankston South,Frankston,Mornington Peninsula,Greater Melbourne,19184,19374,190,1,14.6,1330.6
214011374,Langwarrin,Frankston,Mornington Peninsula,Greater Melbourne,25697,25788,91,0.4,37.6,685.5
214011375,Seaford (Vic.),Frankston,Mornington Peninsula,Greater Melbourne,18024,18305,281,1.6,12.4,1472.4
214011376,Skye - Sandhurst,Frankston,Mornington Peninsula,Greater Melbourne,13573,13601,28,0.2,19.8,686.4
214021377,Dromana,Mornington Peninsula,Mornington Peninsula,Greater Melbourne,13756,13925,169,1.2,45.1,309
214021378,Flinders,Mornington Peninsula,Mornington Peninsula,Greater Melbourne,6030,6064,34,0.6,287.4,21.1
214021379,Hastings - Somers,Mornington Peninsula,Mornington Peninsula,Greater Melbourne,23769,23795,26,0.1,108.9,218.5
214021381,Mount Eliza,Mornington Peninsula,Mornington Peninsula,Greater Melbourne,18982,19110,128,0.7,23.2,823.4
214021382,Mount Martha,Mornington Peninsula,Mornington Peninsula,Greater Melbourne,20116,20161,45,0.2,30.2,667.4
214021383,Point Nepean,Mornington Peninsula,Mornington Peninsula,Greater Melbourne,20222,20574,352,1.7,67.2,306.2
214021384,Rosebud - McCrae,Mornington Peninsula,Mornington Peninsula,Greater Melbourne,23205,23508,303,1.3,23.8,987.9
214021385,Somerville,Mornington Peninsula,Mornington Peninsula,Greater Melbourne,18921,19098,177,0.9,117.4,162.7
214021591,Mornington - East,Mornington Peninsula,Mornington Peninsula,Greater Melbourne,15062,15082,20,0.1,14.7,1026.8
214021592,Mornington - West,Mornington Peninsula,Mornington Peninsula,Greater Melbourne,10794,10900,106,1,6.4,1702
215011386,Ararat,Grampians,North West,Rest of Vic.,8288,8399,111,1.3,161.2,52.1
215011387,Ararat Surrounds,Grampians,North West,Rest of Vic.,3154,3181,27,0.9,4023.2,0.8
215011388,Horsham,Grampians,North West,Rest of Vic.,16882,16882,0,0,83.1,203.2
215011389,Horsham Surrounds,Grampians,North West,Rest of Vic.,3424,3399,-25,-0.7,4251.5,0.8
215011390,Nhill Region,Grampians,North West,Rest of Vic.,6687,6698,11,0.2,11042.8,0.6
215011391,St Arnaud,Grampians,North West,Rest of Vic.,3384,3394,10,0.3,3008.6,1.1
215011392,Stawell,Grampians,North West,Rest of Vic.,8369,8438,69,0.8,2743.4,3.1
215011393,West Wimmera,Grampians,North West,Rest of Vic.,2645,2656,11,0.4,5686.4,0.5
215011394,Yarriambiack,Grampians,North West,Rest of Vic.,6252,6246,-6,-0.1,7139.6,0.9
215021395,Irymple,Mildura,North West,Rest of Vic.,7899,8079,180,2.3,88.6,91.2
215021396,Merbein,Mildura,North West,Rest of Vic.,4916,4971,55,1.1,101.7,48.9
215021398,Mildura Surrounds,Mildura,North West,Rest of Vic.,3775,3779,4,0.1,21568.8,0.2
215021399,Red Cliffs,Mildura,North West,Rest of Vic.,6043,6055,12,0.2,246.7,24.5
215021469,Mildura - North,Mildura,North West,Rest of Vic.,17965,17718,-247,-1.4,25.1,705.4
215021470,Mildura - South,Mildura,North West,Rest of Vic.,16536,16707,171,1,51,327.6
215031400,Buloke,Murray River - Swan Hill,North West,Rest of Vic.,5925,5891,-34,-0.6,8068.7,0.7
215031401,Gannawarra,Murray River - Swan Hill,North West,Rest of Vic.,6527,6522,-5,-0.1,3568.3,1.8
215031402,Kerang,Murray River - Swan Hill,North West,Rest of Vic.,3806,3784,-22,-0.6,146.6,25.8
215031403,Robinvale,Murray River - Swan Hill,North West,Rest of Vic.,3691,3749,58,1.6,181.6,20.6
215031404,Swan Hill,Murray River - Swan Hill,North West,Rest of Vic.,10781,10747,-34,-0.3,126.6,84.9
215031405,Swan Hill Surrounds,Murray River - Swan Hill,North West,Rest of Vic.,6460,6467,7,0.1,5759.6,1.1
216011406,Echuca,Campaspe,Shepparton,Rest of Vic.,15437,15357,-80,-0.5,184,83.5
216011407,Kyabram,Campaspe,Shepparton,Rest of Vic.,10836,10838,2,0,738.9,14.7
216011408,Lockington - Gunbower,Campaspe,Shepparton,Rest of Vic.,3932,3950,18,0.5,1646.4,2.4
216011409,Rochester,Campaspe,Shepparton,Rest of Vic.,3683,3691,8,0.2,351.6,10.5
216011410,Rushworth,Campaspe,Shepparton,Rest of Vic.,4179,4210,31,0.7,1633.9,2.6
216021411,Cobram,Moira,Shepparton,Rest of Vic.,6549,6626,77,1.2,131.7,50.3
216021412,Moira,Moira,Shepparton,Rest of Vic.,2836,2841,5,0.2,1498.8,1.9
216021413,Numurkah,Moira,Shepparton,Rest of Vic.,12438,12446,8,0.1,2320.7,5.4
216021414,Yarrawonga,Moira,Shepparton,Rest of Vic.,8818,8953,135,1.5,94.7,94.5
216031415,Mooroopna,Shepparton,Shepparton,Rest of Vic.,8267,8391,124,1.5,40,209.9
216031416,Shepparton - North,Shepparton,Shepparton,Rest of Vic.,20210,20312,102,0.5,65.7,309.4
216031418,Shepparton Surrounds - East,Shepparton,Shepparton,Rest of Vic.,4037,4055,18,0.4,1055.6,3.8
216031419,Shepparton Surrounds - West,Shepparton,Shepparton,Rest of Vic.,10349,10346,-3,0,1028.7,10.1
216031593,Kialla,Shepparton,Shepparton,Rest of Vic.,10058,10295,237,2.4,77.4,132.9
216031594,Shepparton - South East,Shepparton,Shepparton,Rest of Vic.,16404,16334,-70,-0.4,65.8,248.1
217011420,Glenelg (Vic.),Glenelg - Southern Grampians,Warrnambool and South West,Rest of Vic.,8769,8773,4,0,6121.4,1.4
217011421,Hamilton (Vic.),Glenelg - Southern Grampians,Warrnambool and South West,Rest of Vic.,10271,10299,28,0.3,198.3,51.9
217011422,Portland,Glenelg - Southern Grampians,Warrnambool and South West,Rest of Vic.,11116,11124,8,0.1,64,173.9
217011423,Southern Grampians,Glenelg - Southern Grampians,Warrnambool and South West,Rest of Vic.,6203,6205,2,0,6562.6,0.9
217031471,Camperdown,Colac - Corangamite,Warrnambool and South West,Rest of Vic.,3367,3356,-11,-0.3,98.1,34.2
217031472,Colac,Colac - Corangamite,Warrnambool and South West,Rest of Vic.,12606,12558,-48,-0.4,54.7,229.4
217031473,Colac Surrounds,Colac - Corangamite,Warrnambool and South West,Rest of Vic.,5667,5670,3,0.1,1934.3,2.9
217031474,Corangamite - North,Colac - Corangamite,Warrnambool and South West,Rest of Vic.,5222,5201,-21,-0.4,2538.3,2
217031475,Corangamite - South,Colac - Corangamite,Warrnambool and South West,Rest of Vic.,7111,7089,-22,-0.3,1805.2,3.9
217031476,Otway,Colac - Corangamite,Warrnambool and South West,Rest of Vic.,3926,3974,48,1.2,1505.9,2.6
217041477,Moyne - East,Warrnambool,Warrnambool and South West,Rest of Vic.,7097,7136,39,0.5,3275.8,2.2
217041478,Moyne - West,Warrnambool,Warrnambool and South West,Rest of Vic.,10177,10246,69,0.7,2037.8,5
217041479,Warrnambool - North,Warrnambool,Warrnambool and South West,Rest of Vic.,22841,23099,258,1.1,62.4,370.1
217041480,Warrnambool - South,Warrnambool,Warrnambool and South West,Rest of Vic.,13507,13590,83,0.6,120.2,113.1
